City ID,City,Cloudiness,Country,Date,Humidity,Lat,Lng,Max Temp,Wind Speed
0,Otradnoye,100,RU,1650816859,78,59.7775,30.8181,48.87,9.62
1,Castro,39,BR,1650816887,61,-24.7911,-50.0119,75.45,2.26
2,Tommot,100,RU,1650816888,96,58.9564,126.2925,23.79,1.07
3,Mataura,100,NZ,1650816888,89,-46.1927,168.8643,52.48,6.11
4,Vardø,100,NO,1650816888,89,70.3705,31.1107,37.65,11.32
5,Taoudenni,0,ML,1650816889,14,22.6783,-3.9836,93.49,16.24
6,Hobart,75,AU,1650816889,89,-42.8794,147.3294,56.26,5.75
7,George Town,40,MY,1650816678,84,5.4112,100.3354,84.13,0.0
8,Heraclea,10,TR,1650816890,23,37.5133,34.0467,74.17,3.62
9,Skjervøy,100,NO,1650816890,96,70.0311,20.9714,39.2,1.57
10,Naze,42,JP,1650816890,91,28.3667,129.4833,70.0,7.63
11,Bengkulu,69,ID,1650816891,87,-3.8004,102.2655,77.97,3.0
12,Rikitea,100,PF,1650816891,79,-23.1203,-134.9692,74.25,8.72
13,Vaini,75,TO,1650816891,100,-21.2,-175.2,69.96,0.0
14,Hilo,75,US,1650816892,91,19.7297,-155.09,74.28,9.22
15,Ilulissat,75,GL,1650816892,69,69.2167,-51.1,32.02,0.0
16,Ushuaia,75,AR,1650816892,65,-54.8,-68.3,42.46,11.5
17,Albany,92,US,1650816727,36,42.6001,-73.9662,62.06,4.0
18,Atuona,34,PF,1650816893,72,-9.8,-139.0333,78.78,20.0
19,Suntar,100,RU,1650816893,93,62.1444,117.6319,25.56,3.02
20,Punta Arenas,75,CL,1650816844,87,-53.15,-70.9167,42.91,4.61
21,Port Elizabeth,0,ZA,1650816894,77,-33.918,25.5701,61.11,13.8
22,Ciudad del Carmen,0,MX,1650816765,58,18.6333,-91.8333,86.04,18.41
23,Jalu,0,LY,1650816894,11,29.0331,21.5482,90.9,5.17
24,Korla,66,CN,1650816894,22,41.7597,86.1469,72.48,9.31
25,Fairbanks,0,US,1650816632,73,64.8378,-147.7164,38.25,0.0
26,East London,0,ZA,1650816895,82,-33.0153,27.9116,63.54,12.66
27,Torbay,100,CA,1650816895,95,47.6666,-52.7314,39.27,4.0
28,Homer,0,US,1650816896,93,59.6425,-151.5483,40.05,0.0
29,Krasnokamensk,33,RU,1650816896,27,50.0979,118.0369,34.39,3.4
30,Honiara,64,SB,1650816631,85,-9.4333,159.95,77.2,3.89
31,Arraial do Cabo,40,BR,1650816896,65,-22.9661,-42.0278,82.26,11.5
32,Namatanai,31,PG,1650816897,77,-3.6667,152.4333,78.91,5.57
33,Kupang,12,ID,1650816897,80,-10.1667,123.5833,77.04,7.4
34,Lompoc,0,US,1650816828,69,34.6391,-120.4579,70.93,4.0
35,Lapua,49,FI,1650816898,58,62.9693,23.0088,51.35,4.81
36,Kapaa,75,US,1650816898,86,22.0752,-159.319,75.18,21.85
37,Upernavik,54,GL,1650816692,80,72.7868,-56.1549,9.01,10.63
38,Kandiaro,39,PK,1650816899,10,27.0601,68.2091,97.52,5.35
39,Puerto Ayora,32,EC,1650816899,78,-0.7393,-90.3518,75.16,9.33
40,Qaanaaq,20,GL,1650816899,71,77.484,-69.3632,6.13,7.56
41,Bethel,0,US,1650816900,42,41.3712,-73.414,66.02,12.66
42,Acaraú,46,BR,1650816900,69,-2.8856,-40.12,83.62,6.69
43,Scarborough,53,GB,1650816900,85,54.2797,-0.4044,51.37,5.01
44,Hithadhoo,93,MV,1650816901,72,-0.6,73.0833,84.67,9.71
45,Hermanus,13,ZA,1650816901,80,-34.4187,19.2345,59.81,8.19
46,Zhigansk,25,RU,1650816732,97,66.7697,123.3711,2.16,6.02
47,Maragogi,91,BR,1650816902,64,-9.0122,-35.2225,83.52,9.66
48,Saint-Philippe,99,RE,1650816902,80,-21.3585,55.7679,76.59,16.37
49,Norman Wells,89,CA,1650816903,95,65.282,-126.8329,33.28,3.87
50,New Norfolk,66,AU,1650816903,84,-42.7826,147.0587,55.92,1.59
51,Sioux Lookout,100,CA,1650816730,100,50.1001,-91.917,41.07,8.05
52,Caconda,83,AO,1650816677,63,-13.7333,15.0667,68.95,4.83
53,San Andrés,40,CO,1650816904,78,12.5847,-81.7006,82.42,11.5
54,Port Lincoln,100,AU,1650816904,79,-34.7333,135.8667,65.91,5.14
55,Sakakah,89,SA,1650816904,35,29.9697,40.2064,74.41,14.5
56,Abdulino,99,RU,1650816905,66,53.7,53.6667,53.24,4.29
57,Koboko,93,UG,1650816905,91,3.4136,30.9599,67.19,7.99
58,Iqaluit,100,CA,1650816906,85,63.7506,-68.5145,22.73,11.5
59,Ponta do Sol,21,PT,1650816906,59,32.6667,-17.1,70.0,7.58
60,Cherskiy,86,RU,1650816907,100,68.75,161.3,-4.52,5.37
61,Kaitangata,99,NZ,1650816907,83,-46.2817,169.8464,52.32,11.63
62,Lorengau,59,PG,1650816907,83,-2.0226,147.2712,80.42,5.75
63,Busselton,100,AU,1650816908,51,-33.65,115.3333,63.82,9.84
64,Ulaanbaatar,75,MN,1650816908,24,47.9077,106.8832,44.73,6.71
65,Ciudad Bolivar,26,VE,1650816909,39,8.1222,-63.5497,93.36,9.33
66,Fomboni,85,KM,1650816909,77,-12.28,43.7425,82.63,12.73
67,Avarua,75,CK,1650816909,88,-21.2078,-159.775,77.05,13.8
68,Longyearbyen,20,SJ,1650816782,52,78.2186,15.6401,12.04,13.8
69,Turiaçu,100,BR,1650816910,79,-1.6633,-45.3717,78.51,1.61
70,Chokurdakh,83,RU,1650816910,100,70.6333,147.9167,-14.94,3.2
71,Tuzha,100,RU,1650816910,68,57.6062,47.936,51.44,6.26
72,Kodinsk,99,RU,1650816911,98,58.6881,99.1844,18.14,3.47
73,Saint Paul Harbor,100,US,1650816748,81,57.79,-152.4072,40.51,11.5
74,Gannan,88,CN,1650816912,45,47.9147,123.5031,46.67,8.1
75,Whitehorse,100,CA,1650816738,69,60.7161,-135.0538,38.1,3.0
76,Khatanga,98,RU,1650816912,100,71.9667,102.5,-7.24,3.09
77,Buraidah,96,SA,1650816912,69,26.326,43.975,69.3,30.82
78,Talnakh,55,RU,1650816913,100,69.4865,88.3972,-4.63,1.5
79,Finspång,95,SE,1650816913,40,58.7058,15.7674,47.71,9.04
80,Beringovskiy,80,RU,1650816914,97,63.05,179.3167,11.23,2.66
81,Panabá,0,MX,1650816914,39,21.2833,-88.2667,91.35,11.92
82,Shetpe,0,KZ,1650816914,30,44.1667,52.1167,66.49,8.19
83,Bluff,84,NZ,1650816915,82,-46.6,168.3333,52.81,18.48
84,Barrow,0,US,1650816915,78,71.2906,-156.7887,6.82,10.36
85,Patnāgarh,17,IN,1650816916,18,20.7167,83.15,93.38,4.05
86,Tokur,100,RU,1650816733,98,53.1333,132.9,14.95,1.68
87,Morondava,100,MG,1650816916,87,-20.2833,44.2833,76.51,10.02
88,George Town,40,MY,1650816837,84,5.4112,100.3354,84.13,0.0
89,Mitsamiouli,99,KM,1650816917,81,-11.3847,43.2844,81.23,8.88
90,Tuatapere,100,NZ,1650816917,89,-46.1333,167.6833,51.84,6.87
91,Sola,95,VU,1650816918,71,-13.8833,167.55,81.07,0.63
92,Taltal,3,CL,1650816918,70,-25.4,-70.4833,66.78,3.98
93,Souillac,75,MU,1650816918,78,-20.5167,57.5167,75.58,14.97
94,Solnechnyy,53,RU,1650816919,92,50.7214,136.6319,18.18,5.19
95,Wenatchee,0,US,1650816919,60,47.4235,-120.3103,50.54,1.01
96,Guerrero Negro,0,MX,1650816919,60,27.9769,-114.0611,65.57,4.34
97,Mahina,40,PF,1650816920,88,-17.5065,-149.489,74.97,2.3
98,Kiri Buru,91,IN,1650816920,20,22.0833,85.35,87.39,2.62
99,Lebu,100,CL,1650816921,87,-37.6167,-73.65,57.16,22.59
100,Husavik,58,IS,1650816921,81,66.0449,-17.3389,43.36,3.98
101,Ada,0,US,1650816921,51,43.4166,-116.1262,48.97,4.61
102,Grootfontein,16,NA,1650816922,38,-19.5667,18.1167,76.57,2.3
103,Brigantine,0,US,1650816732,52,39.4101,-74.3646,71.04,17.27
104,Tasiilaq,100,GL,1650816922,70,65.6145,-37.6368,42.96,3.87
105,Baena,98,ES,1650816923,46,37.6167,-4.3225,66.38,5.73
106,Omsukchan,100,RU,1650816923,96,62.5333,155.8,17.51,5.37
107,Abu Dhabi,0,AE,1650816908,69,24.4667,54.3667,87.91,6.91
108,Suez,0,EG,1650816923,24,29.9737,32.5263,79.02,16.22
109,Itarema,51,BR,1650816624,68,-2.9248,-39.9167,83.93,7.38
110,Aasiaat,100,GL,1650816924,90,68.7098,-52.8699,26.8,6.29
111,Usinsk,79,RU,1650816924,97,65.9939,57.5281,23.85,4.29
112,Okhotsk,43,RU,1650816925,98,59.3833,143.3,21.69,4.21
113,Havøysund,100,NO,1650816925,77,70.9963,24.6622,37.63,8.99
114,Nikolskoye,100,RU,1650816926,80,59.7035,30.7861,48.7,9.69
115,Abeokuta,100,NG,1650816926,70,7.15,3.35,84.43,5.35
116,Inhambane,0,MZ,1650816926,79,-23.865,35.3833,74.68,6.26
117,Torres,0,BR,1650816927,58,-29.3353,-49.7269,79.83,12.73
118,Pangnirtung,100,CA,1650816927,62,66.1451,-65.7125,17.6,3.44
119,Bredasdorp,30,ZA,1650816927,72,-34.5322,20.0403,58.96,10.0
120,Vavatenina,100,MG,1650816928,97,-17.4667,49.2,70.54,2.55
121,Paamiut,75,GL,1650816928,91,61.994,-49.6678,32.27,11.34
122,Mkushi,99,ZM,1650816929,75,-13.6202,29.3939,69.19,5.14
123,Thompson,40,CA,1650816929,62,55.7435,-97.8558,15.96,18.41
124,Cape Town,20,ZA,1650816930,71,-33.9258,18.4232,63.12,13.8
125,Krasnosel'kup,84,RU,1650816930,99,65.7,82.4667,1.08,1.74
126,Baykit,100,RU,1650816931,95,61.67,96.37,30.83,4.34
127,Nanortalik,87,GL,1650816931,86,60.1432,-45.2371,39.07,4.36
128,Namwala,81,ZM,1650816932,58,-15.7504,26.4384,73.26,3.15
129,Bay City,40,US,1650816932,57,43.5945,-83.8889,79.12,25.32
130,Daru,100,PG,1650816933,86,-9.0763,143.2092,78.94,5.3
131,Zhireken,56,RU,1650816933,84,52.8249,117.3076,26.85,3.2
132,Tondi,24,IN,1650816934,69,9.7333,79.0167,86.25,9.06
133,Cabo San Lucas,0,MX,1650816934,79,22.8909,-109.9124,78.62,3.44
134,Lüderitz,0,NA,1650816935,40,-26.6481,15.1594,66.38,29.42
135,Tessalit,0,ML,1650816935,5,20.1986,1.0114,95.07,14.32
136,Tuktoyaktuk,0,CA,1650816936,85,69.4541,-133.0374,14.0,3.44
137,Grand Gaube,96,MU,1650816936,76,-20.0064,57.6608,75.6,5.99
138,Ostrovnoy,100,RU,1650816937,98,68.0531,39.5131,35.67,14.7
139,Airai,51,TL,1650816937,68,-8.9266,125.4092,58.53,1.97
140,Westport,0,US,1650816938,49,41.1415,-73.3579,61.3,18.41
141,Cabedelo,92,BR,1650816938,73,-6.9811,-34.8339,83.07,16.6
142,Baní,71,DO,1650816939,54,18.2833,-70.3333,81.84,14.41
143,Carnarvon,3,AU,1650816939,94,-24.8667,113.6333,66.27,4.61
144,Alice Springs,100,AU,1650816939,94,-23.7,133.8833,62.15,8.05
145,Severo-Kuril'sk,99,RU,1650816940,87,50.6789,156.125,32.38,12.08
146,Yellowknife,0,CA,1650816940,63,62.456,-114.3525,23.56,12.66
147,Bilma,4,NE,1650816941,7,18.6853,12.9164,104.67,7.92
148,Leningradskiy,99,RU,1650816941,97,69.3833,178.4167,13.08,3.33
149,Gladstone,40,AU,1650816941,73,-23.85,151.25,67.93,9.22
150,Zomba,76,MW,1650816942,89,-15.386,35.3188,67.64,3.65
151,Laguna,0,US,1650816942,62,38.421,-121.4238,65.32,5.75
152,Nouadhibou,0,MR,1650816942,60,20.931,-17.0347,73.38,16.11
153,Burnie,31,AU,1650816943,82,-41.0667,145.9167,52.43,5.79
154,San Vicente,4,AR,1650816778,52,-26.6167,-54.1333,82.22,6.4
155,Vanavara,99,RU,1650816943,96,60.34,102.2797,26.74,7.02
156,Blagoyevo,100,RU,1650816944,95,63.3667,47.9167,33.84,5.39
157,Kruisfontein,63,ZA,1650816944,61,-34.0033,24.7314,58.89,12.26
158,Labuhan,100,ID,1650816944,84,-6.8844,112.2051,79.59,2.66
159,Arys,43,KZ,1650816945,72,42.4252,68.795,62.29,8.05
160,Vao,100,NC,1650816945,70,-22.6667,167.4833,73.72,22.01
161,Luena,5,AO,1650816946,58,-11.7833,19.9167,70.93,2.39
162,Jamestown,20,US,1650816946,28,42.097,-79.2353,79.52,9.22
163,Saint Anthony,100,US,1650816946,70,45.0205,-93.218,46.33,23.02
164,Havelock,20,US,1650816947,68,34.8791,-76.9013,79.99,11.5
165,Deputatsky,100,RU,1650816947,100,69.3,139.9,-0.63,1.3
166,Yeppoon,92,AU,1650816947,71,-23.1333,150.7333,67.78,22.1
167,Skibbereen,100,IE,1650816948,76,51.55,-9.2667,54.1,16.84
168,Flinders,98,AU,1650816948,90,-34.5833,150.8552,62.19,5.01
169,Hofn,20,IS,1650816949,71,64.2539,-15.2082,50.02,12.66
170,Muroto-misakicho,74,JP,1650816949,90,33.2833,134.15,64.81,1.79
171,Lata,86,PT,1650816949,55,40.1629,-8.3327,67.08,4.85
172,Port Alfred,98,ZA,1650816950,83,-33.5906,26.891,60.19,3.0
173,Borgarnes,74,IS,1650816950,64,64.5383,-21.9206,47.8,4.14
174,Sinnamary,79,GF,1650816951,83,5.3833,-52.95,81.07,8.81
175,Clyde River,100,CA,1650816951,85,70.4692,-68.5914,5.23,9.22
176,Onega,13,RU,1650816951,73,63.9061,38.1404,33.01,3.0
177,Juegang,100,CN,1650816952,99,32.3174,121.1855,58.98,9.15
178,Arona,13,ES,1650816952,62,28.0996,-16.681,64.98,1.01
179,Nome,100,US,1650816952,93,64.5011,-165.4064,35.67,0.0
180,São João da Barra,4,BR,1650816953,62,-21.6403,-41.0511,84.29,16.22
181,Fare,62,PF,1650816953,74,-16.7,-151.0167,79.84,7.49
182,Cap Malheureux,97,MU,1650816953,76,-19.9842,57.6142,75.47,5.99
183,Bambous Virieux,75,MU,1650816954,78,-20.3428,57.7575,75.45,14.97
184,Alamogordo,0,US,1650816954,21,32.8995,-105.9603,68.56,10.36
185,Lavrentiya,84,RU,1650816955,92,65.5833,-171.0,12.49,6.06
186,Hasaki,100,JP,1650816955,90,35.7333,140.8333,59.4,7.78
187,Spas-Klepiki,100,RU,1650816955,95,55.1347,40.1767,49.89,3.78
188,Kazygurt,64,KZ,1650816956,81,41.7589,69.3864,57.47,8.77
189,Riyadh,94,SA,1650816938,13,24.6877,46.7219,84.34,12.1
190,Carutapera,100,BR,1650816956,88,-1.195,-46.02,76.26,1.68
191,Krasnyy Chikoy,100,RU,1650816957,41,50.3643,108.7512,34.99,5.91
192,Antofagasta,10,CL,1650816957,49,-23.65,-70.4,72.21,6.06
193,Vila Velha,20,BR,1650816957,72,-20.3297,-40.2925,87.75,18.41
194,Grindavik,100,IS,1650816958,81,63.8424,-22.4338,45.07,9.22
195,Bulgan,100,MN,1650816958,86,48.8125,103.5347,31.23,7.45
196,Ambilobe,86,MG,1650816958,78,-13.2,49.05,77.4,6.78
197,Farīdpur,13,BD,1650816959,66,23.6,89.8333,86.02,15.93
198,Aklavik,0,CA,1650816959,74,68.2191,-135.0107,23.0,2.3
199,Krasnorechenskiy,11,RU,1650816960,57,44.6265,135.3532,38.98,5.59
200,Teya,99,RU,1650816960,97,60.3778,92.6267,25.05,4.27
201,Hong Kong,4,HK,1650816827,87,22.2855,114.1577,82.33,10.0
202,Nishihara,20,JP,1650816960,97,26.1842,127.7558,75.25,10.36
203,Mahébourg,75,MU,1650816961,78,-20.4081,57.7,75.49,14.97
204,Bathsheba,75,BB,1650816961,58,13.2167,-59.5167,86.61,21.85
205,Thinadhoo,63,MV,1650816962,70,0.5333,72.9333,84.97,9.4
206,Imeni Poliny Osipenko,38,RU,1650816737,94,52.4201,136.4853,17.06,4.83
207,Faanui,61,PF,1650816962,71,-16.4833,-151.75,80.26,5.77
208,Ixtapa,0,MX,1650816962,69,20.7,-105.2,76.23,0.0
209,Orlik,67,RU,1650816963,66,52.5178,99.825,14.52,4.94
210,Río Gallegos,40,AR,1650816963,93,-51.6226,-69.2181,44.65,3.44
211,Sur,35,OM,1650816958,51,22.5667,59.5289,87.04,4.41
212,Sabang,10,ID,1650816964,73,5.8933,95.3214,84.76,8.23
213,Khovd,79,MN,1650816964,39,48.0056,91.6419,28.8,12.86
214,Mēga,100,ET,1650816965,87,4.05,38.3,61.9,8.5
215,Esperance,1,AU,1650816965,85,-33.8667,121.9,59.77,11.83
216,Matai,100,TZ,1650816966,94,-8.3,31.5167,62.44,2.3
217,Dwārka,0,IN,1650816966,71,22.2394,68.9678,82.83,10.29
218,Blairmore,25,CA,1650816966,89,49.6,-114.4353,46.53,4.68
219,Caravelas,16,BR,1650816967,55,-17.7125,-39.2481,88.41,9.26
220,Isangel,94,VU,1650816967,75,-19.55,169.2667,77.59,11.1
221,Iisalmi,70,FI,1650816968,65,63.5592,27.1907,44.37,1.97
222,Jodhpur,0,IN,1650816968,11,26.2867,73.03,93.56,9.69
223,Buloh Kasap,52,MY,1650816968,95,2.5536,102.764,76.62,2.13
224,Mount Gambier,59,AU,1650816969,100,-37.8333,140.7667,44.51,0.0
225,Sayville,40,US,1650816969,53,40.7359,-73.0821,60.39,17.27
226,Kedrovyy,78,RU,1650816969,90,56.1667,91.8167,27.01,3.69
227,Terrace,100,CA,1650816839,99,54.5163,-128.6035,41.5,2.71
228,Dolores,4,AR,1650816970,32,-36.3132,-57.6792,77.38,14.94
229,Dikson,98,RU,1650816970,95,73.5069,80.5464,7.41,10.67
230,Baruun-Urt,57,MN,1650816971,31,46.6806,113.2792,43.9,20.58
231,Luwuk,93,ID,1650816971,87,-0.9516,122.7875,78.42,1.95
232,Elko,0,US,1650816971,59,41.0002,-115.5012,43.74,5.01
233,Butaritari,100,KI,1650816918,81,3.0707,172.7902,79.34,13.65
234,Upata,96,VE,1650816972,40,8.0086,-62.3989,90.99,6.55
235,Tonj,80,SS,1650816972,37,7.2737,28.6822,91.4,5.3
236,Vestmannaeyjar,0,IS,1650816973,76,63.4427,-20.2734,47.39,16.11
237,Troitsko-Pechorsk,100,RU,1650816973,99,62.7084,56.1964,34.63,2.82
238,Khasan,91,RU,1650816973,47,42.4308,130.6434,50.14,3.62
239,Xuanzhou,37,CN,1650816974,91,30.9525,118.7553,69.39,7.7
240,Awjilah,1,LY,1650816974,12,29.1081,21.2869,90.37,5.84
241,San-Pédro,49,CI,1650816975,71,4.7485,-6.6363,85.66,11.52
242,Mackay,100,AU,1650816975,82,-21.15,149.2,71.69,24.58
243,Tura,0,IN,1650816975,56,25.5198,90.2201,74.8,5.28
244,Svobodnyy,96,RU,1650816732,33,51.4,128.1333,37.42,5.26
245,Xingyi,0,CN,1650816976,54,24.1877,102.817,66.06,10.27
246,Iquique,4,CL,1650816732,67,-20.2208,-70.1431,68.04,9.04
247,Pevek,99,RU,1650816738,99,69.7008,170.3133,-0.15,3.74
248,Constitución,93,CL,1650816977,85,-35.3333,-72.4167,59.88,21.65
249,Tacoronte,20,ES,1650816977,55,28.4769,-16.4102,66.52,9.22
250,Srandakan,100,ID,1650816978,87,-7.9386,110.2506,78.57,3.22
251,Bud,100,US,1650816978,52,39.447,-86.1758,78.82,19.15
252,Yining,42,CN,1650816978,92,29.0361,114.5636,72.32,3.69
253,Middelfart,100,DK,1650816716,85,55.5059,9.7305,50.36,18.72
254,Williams Lake,100,CA,1650816979,52,52.1415,-122.1445,48.06,16.11
255,Mar del Plata,0,AR,1650816979,70,-38.0023,-57.5575,69.82,13.8
256,Pontal do Paraná,71,BR,1650816980,69,-25.6533,-48.5128,81.99,5.23
257,Aksu,37,CN,1650816980,18,41.1231,80.2644,74.98,7.7
258,Nālūt,26,LY,1650816980,7,30.3333,10.85,89.74,5.46
259,Chapais,100,CA,1650816981,63,49.7834,-74.8492,38.98,13.35
260,Kamogawa,100,JP,1650816981,92,35.1,140.1,61.14,2.46
261,Huarmey,36,PE,1650816981,75,-10.0681,-78.1522,72.7,10.51
262,Tazovsky,66,RU,1650816982,100,67.4667,78.7,-5.28,5.46
263,Kemijärvi,98,FI,1650816982,75,66.7131,27.4306,42.35,3.74
264,Yarmouth,0,US,1650816983,50,41.7057,-70.2286,51.94,14.0
265,Acapulco de Juárez,0,MX,1650816910,65,16.8634,-99.8901,84.02,8.05
266,Huanuni,72,BO,1650816983,26,-18.2667,-66.85,52.29,13.27
267,Mount Isa,75,AU,1650816984,100,-20.7333,139.5,65.97,8.05
268,Ust-Nera,97,RU,1650816984,98,64.5667,143.2,8.76,4.63
269,‘Ewa Beach,40,US,1650816984,75,21.3156,-158.0072,75.15,12.66
270,Shimoda,100,JP,1650816985,89,34.6667,138.95,60.1,4.12
271,Hanting,100,CN,1650816985,62,36.7708,119.2108,69.66,10.67
272,Porto-Novo,100,BJ,1650816986,64,6.4965,2.6036,82.22,9.04
273,Bairiki Village,20,KI,1650816986,89,1.3292,172.9752,78.8,11.5
274,Hobyo,21,SO,1650816986,66,5.3505,48.5268,84.79,9.66
275,Pringsewu,58,ID,1650816987,97,-5.3582,104.9744,74.68,3.87
276,La Ronge,75,CA,1650816987,64,55.1001,-105.2842,34.02,9.22
277,Artyom,100,AZ,1650816987,71,40.4723,50.333,57.34,8.63
278,San Policarpo,100,PH,1650816988,93,12.1791,125.5072,77.14,4.29
279,Yangi Marg`ilon,100,UZ,1650816988,67,40.4272,71.7189,61.52,2.3
280,Avera,99,US,1650816988,58,33.194,-82.5271,75.9,6.98
281,Rawson,90,AR,1650816964,27,-43.3002,-65.1023,67.28,31.72
282,Innisfail,100,AU,1650816989,92,-17.5333,146.0333,75.15,8.28
283,Luau,94,AO,1650816989,72,-10.7073,22.2247,72.64,0.98
284,Turochak,59,RU,1650816990,89,52.2576,87.1224,28.4,2.89
285,Ketchikan,100,US,1650816990,93,55.3422,-131.6461,45.07,9.22
286,Redcar,39,GB,1650816991,55,54.6166,-1.06,52.09,11.99
287,Chui,0,UY,1650816991,36,-33.6971,-53.4616,73.15,11.07
288,Kortkeros,88,RU,1650816991,93,61.8106,51.5806,44.6,3.04
289,Brae,80,GB,1650816992,76,60.3964,-1.353,48.04,17.13
290,Alyangula,100,AU,1650816992,94,-13.8483,136.4192,78.67,5.75
291,Hammerfest,75,NO,1650816992,93,70.6634,23.6821,36.05,12.66
292,Gao,2,ML,1650816993,7,16.6362,1.637,103.12,14.07
293,Okha,100,RU,1650816993,94,53.5739,142.9478,28.44,12.08
294,Warrington,20,GB,1650816994,50,53.3925,-2.5802,62.06,15.01
295,Belyy Yar,0,RU,1650816994,70,53.6039,91.3903,27.86,6.71
296,Turinsk,100,RU,1650816995,76,58.0458,63.696,46.36,8.7
297,Oistins,75,BB,1650816995,58,13.0667,-59.5333,86.09,21.85
298,Along,72,IN,1650816996,96,28.1667,94.7667,65.19,3.36
299,Haines Junction,100,CA,1650816996,75,60.7522,-137.5108,35.55,0.0
300,Amapá,79,BR,1650816997,68,1.0,-52.0,83.17,5.37
301,Igarka,60,RU,1650816997,100,67.4667,86.5833,-4.54,5.53
302,Ust'-Ishim,9,RU,1650816998,75,57.6935,71.1665,32.68,5.06
303,Ribeira Grande,40,PT,1650816998,59,38.5167,-28.7,63.0,21.85
304,Salalah,68,OM,1650816999,73,17.0151,54.0924,82.42,6.42
305,Henties Bay,1,NA,1650816999,76,-22.116,14.2845,60.78,15.12
306,Diapaga,98,BF,1650817000,5,12.0708,1.7889,107.51,5.91
307,São Luiz Gonzaga,0,BR,1650816790,66,-28.4083,-54.9608,76.84,10.6
308,Goderich,100,CA,1650817001,49,43.7501,-81.7165,73.72,17.27
309,Vondrozo,100,MG,1650817001,94,-22.8167,47.2833,66.16,2.19
310,Yeovil,75,GB,1650817002,48,50.9416,-2.6321,63.99,13.8
311,Christiansburg,0,US,1650816732,41,37.1298,-80.4089,81.46,6.91
312,Diu,0,IN,1650817002,46,20.7141,70.9822,85.15,12.8
313,Traverse City,75,US,1650816794,56,44.7631,-85.6206,73.47,11.5
314,Abhā,20,SA,1650817003,56,18.2164,42.5053,67.82,12.66
315,Ancud,100,CL,1650817003,88,-41.8697,-73.8203,46.22,19.44
316,Barra de Tecoanapa,1,MX,1650817004,58,16.5167,-98.75,84.61,7.4
317,Peterborough,22,GB,1650817004,46,52.5736,-0.2478,61.21,20.71
318,Coos Bay,100,US,1650817005,96,43.3665,-124.2179,49.23,4.61
319,Española,0,US,1650817005,17,35.9911,-106.0806,57.15,1.36
320,Mudon,2,MM,1650817005,74,16.2578,97.7164,82.36,7.2
321,São Filipe,9,CV,1650817006,70,14.8961,-24.4956,75.63,3.67
322,Kavieng,47,PG,1650817006,78,-2.5744,150.7967,81.54,9.71
323,Yatou,100,CN,1650817006,96,37.15,122.3833,53.22,8.3
324,Roebourne,0,AU,1650817007,62,-20.7833,117.1333,79.77,4.32
325,Tiksi,99,RU,1650817007,100,71.6872,128.8694,-4.86,2.08
326,Candolim,47,IN,1650817007,77,15.5181,73.7626,85.35,11.95
327,Tyukalinsk,44,RU,1650817008,44,55.8732,72.1967,39.49,5.91
328,Cortez,0,US,1650817008,44,37.3489,-108.5859,48.04,4.61
329,Hamilton,0,US,1650816948,53,39.1834,-84.5333,79.88,19.57
330,Yokadouma,100,CM,1650817009,61,3.5167,15.05,83.82,0.18
331,Zhob,39,PK,1650817009,19,31.3411,69.4481,75.97,6.26
332,Muriwai Beach,74,NZ,1650817009,96,-36.8167,174.45,59.56,10.18
333,Sharjah city,0,AE,1650817010,51,25.3573,55.4033,87.78,8.05
334,West Wendover,0,US,1650817010,34,40.7391,-114.0733,46.76,7.83
335,Curuguaty,63,PY,1650817010,48,-24.4694,-55.6945,88.52,9.13
336,Kidal,0,ML,1650817011,6,18.4411,1.4078,98.83,16.08
337,Kunda,0,IN,1650817011,10,25.7167,81.5167,91.22,6.13
338,Sitka,75,US,1650817012,81,57.0531,-135.33,44.49,0.0
339,Aranos,89,NA,1650817012,28,-24.1333,19.1167,75.67,9.95
340,Broken Hill,100,AU,1650817012,52,-31.95,141.4333,64.27,11.68
341,Flin Flon,100,CA,1650816892,74,54.7682,-101.865,25.83,14.74
342,Yermekeyevo,99,RU,1650817013,68,54.0761,53.6712,52.7,4.81
343,Hokitika,63,NZ,1650817013,86,-42.7167,170.9667,51.71,6.89
344,Kyren,100,RU,1650817014,86,51.6828,102.1408,27.73,5.17
345,Broome,0,US,1650817014,50,42.2506,-75.833,71.89,7.0
346,Saskylakh,29,RU,1650816734,100,71.9167,114.0833,-6.45,3.06
347,Narsaq,82,GL,1650817015,80,60.9167,-46.05,50.22,7.47
348,Tual,76,ID,1650817015,68,-5.6667,132.75,83.75,6.24
349,Ende,22,ID,1650817015,81,-8.8432,121.6623,77.18,3.24
350,Concepción,75,CL,1650816833,88,-36.827,-73.0498,58.8,12.66
351,Lagoa,4,PT,1650816897,74,39.05,-27.9833,57.87,21.54
352,Kyabram,88,AU,1650817016,81,-36.3167,145.05,52.88,6.91
353,Khanu Woralaksaburi,28,TH,1650817016,44,16.0617,99.8606,91.42,4.88
354,Ejido,80,VE,1650817017,80,8.5514,-71.2375,74.77,3.91
355,Tabuk,20,PH,1650817017,85,17.4189,121.4443,75.67,4.92
356,Kutum,23,SD,1650817017,7,14.2,24.6667,92.1,4.59
357,Waqqāş,4,JO,1650817018,54,32.5427,35.6053,77.09,4.32
358,Half Moon Bay,100,US,1650817018,82,37.4636,-122.4286,60.91,3.44
359,Tabou,94,CI,1650817018,69,4.423,-7.3528,85.96,12.08
360,Ballina,80,AU,1650817019,98,-28.8667,153.5667,63.01,13.94
361,Saldanha,0,ZA,1650817019,80,-33.0117,17.9442,59.07,15.52
362,Fukuechō,15,JP,1650817019,83,32.6881,128.8419,65.39,0.72
363,Touros,100,BR,1650816960,70,-5.1989,-35.4608,84.25,14.29
364,Kumul,64,CN,1650817020,32,42.8,93.45,67.14,18.9
365,Los Llanos de Aridane,75,ES,1650817020,71,28.6585,-17.9182,65.95,9.22
366,Bubaque,14,GW,1650817021,75,11.2833,-15.8333,78.04,17.72
367,Bereket,77,TM,1650817021,24,39.2446,55.5154,76.71,9.31
368,Eureka,80,US,1650817021,75,40.8021,-124.1637,50.94,3.0
369,Nerchinskiy Zavod,84,RU,1650817022,81,51.3088,119.61,32.56,3.11
370,Yugorsk,59,RU,1650816784,96,61.3133,63.3319,34.52,4.32
371,Shenzhen,4,CN,1650816923,96,22.5455,114.0683,82.22,7.38
372,Nola,72,IT,1650817022,42,40.922,14.5329,67.35,8.01
373,Yar-Sale,100,RU,1650817023,93,66.8333,70.8333,12.13,4.9
374,Acarí,6,PE,1650817023,57,-15.4311,-74.6158,79.59,9.46
375,Três Lagoas,14,BR,1650816752,32,-20.7511,-51.6783,92.1,8.1
376,Ziarat,55,PK,1650817023,21,30.3823,67.7282,62.11,6.42
377,Yulara,10,AU,1650817024,90,-25.2406,130.9889,59.83,8.86
378,Plainview,0,US,1650817024,48,40.7765,-73.4673,61.79,20.71
379,Singkang,75,MY,1650817025,94,2.1006,102.7994,76.82,2.62
380,Barcelona,20,ES,1650816869,54,41.3888,2.159,74.53,27.63
381,Valparaíso,100,CL,1650816779,87,-33.0393,-71.6273,59.47,8.05
382,Babu,25,CN,1650817025,93,24.4167,111.5167,73.96,4.83
383,Takoradze,91,GH,1650817026,73,4.8845,-1.7554,85.84,12.15
384,Tomatlán,3,MX,1650817026,40,19.9333,-105.25,82.83,4.32
385,Bereda,100,ES,1650817026,90,43.2686,-7.5406,58.41,3.89
386,Samarai,58,PG,1650817027,74,-10.6167,150.6667,82.51,10.27
387,Ngunguru,45,NZ,1650817027,83,-35.6167,174.5,60.49,11.41
388,Zhuanghe,100,CN,1650817027,93,39.7008,122.9911,52.21,10.07
389,Ben Gardane,27,TN,1650817028,40,33.1378,11.2197,74.97,15.39
390,Soldotna,100,US,1650817028,88,60.4878,-151.0583,38.07,0.0
391,Sivas Province,40,TR,1650817029,39,39.7916,37.0019,66.83,8.05
392,San Antonio,100,US,1650816995,65,29.4241,-98.4936,81.68,17.27
393,Thongwa,0,MM,1650817030,65,16.7619,96.5278,84.36,11.81
394,Kerman,75,IR,1650817030,19,30.2832,57.0788,76.86,19.57
395,Quatre Cocos,93,MU,1650817030,76,-20.2078,57.7625,75.31,20.33
396,Puertollano,80,ES,1650817031,44,38.6871,-4.1073,65.19,7.74
397,Inuvik,100,CA,1650816736,88,68.3499,-133.7218,30.15,4.54
398,Adrar,0,MR,1650817032,15,20.5022,-10.0711,91.85,14.36
399,Sokoni,100,TZ,1650817032,72,-6.4333,39.55,83.16,8.72
400,Ahipara,25,NZ,1650817032,82,-35.1667,173.1667,61.52,13.04
401,Thoen,93,TH,1650817033,50,17.6129,99.2161,88.2,1.23
402,Soe,8,ID,1650817033,78,-9.8607,124.284,63.48,3.96
403,Torit,100,SS,1650817034,89,4.4133,32.5678,72.97,5.14
404,Karoi,92,ZW,1650817034,65,-16.8099,29.6925,69.06,2.35
405,Bucerías,0,MX,1650816863,69,20.75,-105.3333,76.98,0.0
406,Saint-Augustin,100,CA,1650817036,90,51.226,-58.6502,38.95,19.13
407,Port Blair,20,IN,1650817036,78,11.6667,92.75,82.44,2.3
408,Bulqizë,68,AL,1650817036,59,41.4917,20.2219,59.32,4.76
409,Uelzen,94,DE,1650817037,70,52.9667,10.5667,58.48,10.45
410,Lodja,89,CD,1650817037,95,-3.4833,23.4333,72.72,2.95
411,Atbasar,100,KZ,1650817038,35,51.8,68.3333,43.68,10.69
412,Kalemie,98,CD,1650817038,82,-5.9475,29.1947,73.15,1.14
413,San Carlos,31,VE,1650817038,35,9.6612,-68.5827,94.73,5.01
414,Myanaung,31,MM,1650817039,56,18.2833,95.3167,89.24,4.09
415,Conceição do Araguaia,48,BR,1650816960,65,-8.2578,-49.2647,85.33,5.26
416,Celestún,2,MX,1650817039,58,20.8667,-90.4,85.75,7.81
417,Egvekinot,85,RU,1650817040,94,66.3167,-179.1667,8.37,6.38
418,Tanout,59,NE,1650817040,7,14.9709,8.8879,104.83,5.5
419,Libenge,92,CD,1650817040,66,3.65,18.6333,82.83,3.2
420,Micheweni,100,TZ,1650817041,76,-4.9667,39.8333,81.52,7.07
421,Lamar,100,US,1650817041,73,33.6668,-95.5836,76.64,13.8
422,Beira,20,MZ,1650817042,78,-19.8436,34.8389,80.69,9.22
423,College,40,US,1650817042,74,64.8569,-147.8028,38.23,0.0
424,Mindelo,0,CV,1650817042,39,16.8901,-24.9804,85.55,17.27
425,Mehamn,75,NO,1650817043,87,71.0357,27.8492,37.35,12.66
426,Bilibino,64,RU,1650817043,100,68.0546,166.4372,-4.65,5.28
427,Arlit,24,NE,1650817044,6,18.7369,7.3853,104.88,13.11
428,Cullman,20,US,1650817044,64,34.1748,-86.8436,77.81,11.5
429,Kyra,100,RU,1650817044,27,49.5776,111.9753,36.34,6.69
430,Arantāngi,36,IN,1650817045,65,10.1667,78.9833,86.45,10.36
431,Katherine,40,AU,1650817045,57,-14.4667,132.2667,77.32,5.75
432,Tevaitoa,60,PF,1650817046,72,-16.7833,-151.5,80.31,6.8
433,Defiance,100,US,1650817046,63,41.3334,-84.45,79.11,19.93
434,Bodden Town,75,KY,1650817046,70,19.2833,-81.25,82.99,11.5
435,Jining,100,CN,1650817047,59,35.405,116.5814,72.18,9.73
436,Preobrazheniye,97,RU,1650817047,59,42.9019,133.9064,47.48,4.05
437,Eloy,0,US,1650817039,12,32.7559,-111.5548,74.82,2.13
438,Morro Bay,3,US,1650816779,61,35.3658,-120.8499,71.24,1.99
439,La Asuncion,55,VE,1650816892,72,11.0333,-63.8628,81.07,15.19
440,Port Pirie,88,AU,1650817048,55,-33.1833,138.0167,59.09,9.13
441,Russell,40,US,1650816924,57,32.3502,-85.1999,76.96,0.0
442,Bariloche,75,AR,1650817048,81,-41.1456,-71.3082,47.95,17.27
443,La Seyne-sur-Mer,73,FR,1650817048,77,43.0982,5.8847,64.92,10.0
444,Bulungu,50,CD,1650817049,76,-4.55,18.6,79.84,2.01
445,Honningsvåg,75,NO,1650817049,87,70.9821,25.9704,37.15,10.36
446,Antalaha,79,MG,1650817049,85,-14.9003,50.2788,76.28,8.88
447,Athabasca,1,CA,1650817050,70,54.7169,-113.2854,48.61,9.73
448,Schwedt,99,DE,1650817050,58,53.0596,14.2815,61.57,13.51
449,Mhango,96,TZ,1650817051,89,-3.2833,32.85,67.93,5.08
450,Villazón,29,BO,1650817051,10,-22.0866,-65.5942,58.86,4.09
451,Kirensk,59,RU,1650817051,96,57.7853,108.1119,20.79,2.89
452,Rognan,100,NO,1650817052,77,67.0953,15.3878,44.76,3.89
453,Province of Mantua,97,IT,1650817052,67,45.1667,10.7833,61.84,5.53
454,Riberalta,75,BO,1650817052,62,-10.9833,-66.1,89.8,6.91
455,Saint George,0,US,1650816974,28,37.1041,-113.5841,60.8,4.61
456,Dunedin,100,NZ,1650817053,68,-45.8742,170.5036,54.81,15.01
457,Kahului,40,US,1650817053,76,20.8947,-156.47,74.84,13.8
458,Katobu,50,ID,1650817054,94,-4.9408,122.5276,75.31,4.54
459,Jacareacanga,98,BR,1650817054,49,-6.2222,-57.7528,90.68,5.61
460,Koutiala,11,ML,1650817055,7,12.3917,-5.4642,104.27,10.69
461,Bambari,96,CF,1650817055,54,5.768,20.6757,88.63,3.36
462,Methóni,6,GR,1650817055,75,36.8197,21.7049,69.66,11.56
463,Vagay,61,RU,1650817056,72,57.9375,69.0217,36.0,5.66
464,Guilin,62,CN,1650817056,93,25.2819,110.2864,75.31,2.19
465,Disna,100,BY,1650817056,89,55.568,28.1971,44.33,10.02
466,Pisco,75,PE,1650817057,94,-13.7,-76.2167,64.45,6.91
467,Te Anau,65,NZ,1650817057,83,-45.4167,167.7167,47.5,1.3
468,Darhan,83,MN,1650817057,27,49.4867,105.9228,40.32,17.98
469,Vila,99,PT,1650817058,80,42.0304,-8.1588,50.88,5.79
470,Sept-Îles,10,CA,1650816902,42,50.2001,-66.3821,45.03,10.36
471,Kavaratti,88,IN,1650817058,69,10.5669,72.642,85.05,3.31
472,Cockburn Town,100,TC,1650817059,71,21.4612,-71.1419,77.59,17.78
473,Shiyan,100,CN,1650817059,88,32.6475,110.7781,63.57,4.14
474,Vila do Maio,4,CV,1650817059,76,15.1333,-23.2167,88.59,10.6
475,Sri Aman,99,MY,1650817060,94,1.2376,111.4621,77.05,4.61
476,Bloemhof,63,ZA,1650817060,52,-27.6469,25.607,66.61,15.97
477,Dingle,95,PH,1650817060,89,10.9995,122.6711,77.22,6.51
478,Kingaroy,100,AU,1650817061,100,-26.5333,151.8333,59.04,11.5
479,Atlantic City,0,US,1650816967,51,39.3643,-74.4229,71.02,17.27
480,Bonfim,86,BR,1650817061,44,3.0833,-59.95,92.23,6.85
481,Geraldton,97,AU,1650817062,72,-28.7667,114.6,59.41,0.0
482,Sarakhs,0,IR,1650817062,47,36.5449,61.1577,77.14,0.0
483,City of San Pedro,20,PH,1650817062,77,14.35,121.0167,83.43,6.91
484,Kieta,84,PG,1650817063,82,-6.2167,155.6333,78.57,1.45
485,Bāneh,100,IR,1650817063,60,35.9975,45.8853,53.11,3.38
486,Batagay-Alyta,100,RU,1650817064,97,67.8006,130.4114,3.88,4.43
487,Berlevåg,100,NO,1650817064,91,70.8578,29.0864,37.4,9.78
488,Nyurba,100,RU,1650817064,97,63.2842,118.3319,17.51,3.31
489,Khandyga,58,RU,1650817065,98,62.6667,135.6,13.32,1.7
490,Bagnols-sur-Cèze,100,FR,1650817020,69,44.1599,4.6178,60.94,2.3
491,Daşoguz,0,TM,1650817065,48,41.8363,59.9666,66.15,4.61
492,Manzhouli,78,CN,1650817065,30,49.6,117.4333,35.78,3.58
493,Wyszków,88,PL,1650817066,64,52.5928,21.4584,60.94,5.48
494,Cidreira,0,BR,1650817066,65,-30.1811,-50.2056,70.54,17.25
495,Nsanje,55,MW,1650817067,90,-16.92,35.262,74.55,3.83
496,Turaif,59,SA,1650817067,78,31.6725,38.6637,58.03,24.32
497,Northam,63,GB,1650817067,73,51.0333,-4.2167,55.65,14.23
498,Kitimat,100,CA,1650817068,29,54.0524,-128.6534,41.92,0.89
499,Xining,67,CN,1650817068,42,36.6167,101.7667,52.86,0.38
500,Moree,82,AU,1650817068,67,-29.4667,149.85,57.22,9.22
501,Churapcha,96,RU,1650817069,96,62.0025,132.4325,20.19,2.68
502,Tegul'det,85,RU,1650817069,88,57.3064,88.1667,28.4,5.61
503,Dali,1,CN,1650817069,66,25.7,100.1833,58.96,6.82
504,Piaçabuçu,10,BR,1650817070,58,-10.4056,-36.4344,85.23,11.39
505,Turukhansk,100,RU,1650817070,96,65.8167,87.9833,15.53,6.33
506,Oranjemund,0,NA,1650817070,67,-28.55,16.4333,58.39,16.15
507,Chunoyar,100,RU,1650817071,95,57.4467,97.3217,26.64,8.57
508,Misratah,69,LY,1650817071,55,32.3754,15.0925,68.99,13.82
509,Waynesville,32,US,1650816980,49,35.4887,-82.9887,76.12,5.99
510,Otjiwarongo,4,NA,1650817072,31,-20.4637,16.6477,74.88,6.53
511,Praia,0,CV,1650816914,33,14.9215,-23.5087,88.34,18.41
512,Padang,100,ID,1650817072,89,-0.9492,100.3543,78.78,3.71
513,Harper,99,LR,1650817072,69,4.375,-7.7169,85.44,10.54
514,Tiznit Province,100,MA,1650817073,71,29.5833,-9.5,56.89,14.88
515,Bac Lieu,9,VN,1650817073,75,9.285,105.7244,83.73,8.21
516,Oga,100,IT,1650817074,96,46.4631,10.347,41.68,3.8
517,Pangoa,100,PE,1650817074,55,-12.1167,-73.0,84.9,3.04
518,Raja,92,SS,1650817074,21,8.4596,25.678,95.94,2.89
519,San Patricio,57,US,1650817075,65,28.017,-97.5169,84.18,22.15
520,Rudnogorsk,57,RU,1650817075,94,57.2639,103.7519,15.24,3.02
521,Ndioum,0,SN,1650817076,10,16.5129,-14.6471,104.07,12.86
522,Vila Franca do Campo,7,PT,1650817076,67,37.7167,-25.4333,63.01,16.91
523,Klaksvík,100,FO,1650817076,86,62.2266,-6.589,47.32,17.94
524,Andenes,75,NO,1650817077,87,69.3143,16.1194,40.98,13.8
525,Udachny,87,RU,1650817077,95,66.4167,112.4,1.9,1.59
526,Paphos,0,CY,1650817077,78,34.7667,32.4167,74.23,8.05
527,Karratha,0,AU,1650817078,62,-20.7377,116.8463,80.37,4.7
528,Bogale,17,MM,1650817078,68,16.2833,95.4,84.74,9.33
529,Kautokeino,93,NO,1650817078,93,69.0125,23.0412,32.05,0.98
530,Walvis Bay,0,NA,1650817079,55,-22.9575,14.5053,65.35,13.8
531,Kangaatsiaq,100,GL,1650817079,87,68.3065,-53.4641,25.3,5.28
532,Mayo,0,US,1650817079,61,38.8876,-76.5119,80.2,9.22
533,Severnyy,75,RU,1650817080,82,50.677,36.5532,55.44,4.47
534,Kenitra,100,MA,1650816819,62,34.261,-6.5802,65.16,11.52
535,Mareeba,100,AU,1650817080,95,-17.0,145.4333,74.12,4.76
536,Mogadouro,58,PT,1650817081,51,41.3403,-6.7119,57.07,9.48
537,Jieshi,0,CN,1650817081,88,22.8134,115.8257,81.95,6.42
538,Bogács,99,HU,1650817081,84,47.9,20.5333,57.42,7.74
539,Nagato,26,JP,1650817082,91,34.3833,131.2,57.2,5.35
540,Gigmoto,100,PH,1650817082,85,13.7796,124.39,80.26,6.89
541,Agua Verde,0,MX,1650817083,71,22.9,-106.05,77.09,4.68
542,Bojnourd,0,IR,1650817083,45,37.4747,57.329,66.15,4.61
543,Leona Vicario,14,MX,1650817083,59,20.9667,-87.1917,84.07,8.43
544,Oeiras,18,BR,1650817084,35,-7.0253,-42.1311,94.68,8.25
545,Bondo,89,CD,1650817084,62,3.8146,23.6866,82.2,1.3
546,Mitzic,100,GA,1650817084,91,0.7821,11.549,75.4,3.04
547,Kamojimachō-jōgejima,35,JP,1650817085,95,34.0667,134.35,62.42,3.96
548,Krasnoarmeysk,100,RU,1650817085,62,51.0239,45.6969,55.69,4.52
549,Rabo de Peixe,20,PT,1650817086,67,37.8,-25.5833,62.11,20.71
550,Katsuura,100,JP,1650817086,91,35.1333,140.3,62.42,4.68
551,Maceió,40,BR,1650817086,54,-9.6658,-35.7353,87.24,12.66
552,Ternate,64,ID,1650817087,81,0.8,127.4,81.07,4.29
553,Sirte,93,LY,1650817087,61,31.2089,16.5887,67.03,13.11
554,Santiago del Estero,84,AR,1650817088,51,-27.7951,-64.2615,80.02,12.57
555,Demba,93,CD,1650817088,92,-5.51,22.2667,74.14,0.81
556,Skovorodino,25,RU,1650817088,58,53.9833,123.9167,26.58,3.18
557,Kenai,100,US,1650817089,85,60.5544,-151.2583,38.14,0.0
558,Shingū,100,JP,1650817089,94,33.7333,135.9833,63.48,1.52
559,Kaabong,91,UG,1650817089,79,3.4836,34.1492,67.77,7.74
560,Asău,71,RO,1650817090,56,46.4333,26.4,67.95,4.16
561,Le Vauclin,75,MQ,1650817090,74,14.5452,-60.8388,80.65,13.8
562,Bonavista,100,CA,1650817091,95,48.6499,-53.1147,35.31,28.21
563,Omaruru,4,NA,1650817091,27,-21.4333,15.9333,77.2,11.32
564,Doctor Juan Manuel Frutos,5,PY,1650817092,60,-25.3667,-55.8,83.98,11.32
565,Aripuanã,80,BR,1650817092,76,-9.1667,-60.6333,84.13,4.16
566,Margate,1,GB,1650817092,77,51.3813,1.3862,56.1,11.01
567,Beyneu,33,KZ,1650817093,28,45.3167,55.2,65.68,6.11
568,Bragança Paulista,0,BR,1650817093,47,-22.94,-46.5556,80.26,2.06
569,Vrangel',98,RU,1650817094,56,42.7297,133.0839,49.03,5.19
570,Muros,100,ES,1650817094,84,42.7762,-9.0603,58.84,7.83
571,Siderno,34,IT,1650817094,59,38.2779,16.302,66.83,7.9
572,Tyukhtet,64,RU,1650817095,82,56.5389,89.3011,25.27,5.39
573,Priargunsk,14,RU,1650817095,29,50.3691,119.1012,35.92,4.97
574,Natal,75,BR,1650817095,79,-5.795,-35.2094,84.42,14.97
575,Alamosa,0,US,1650817096,41,37.4695,-105.87,39.18,4.61
576,Matamoros,0,MX,1650817096,11,25.5333,-103.25,86.11,6.91
577,Rutland,100,US,1650817097,35,43.6167,-73.0162,53.26,10.36
578,Swift Current,0,CA,1650817097,52,50.2834,-107.8014,43.61,10.36
579,Madang,63,PG,1650817097,90,-5.2246,145.7966,75.52,3.15
580,Lahaina,52,US,1650817098,87,20.8783,-156.6825,74.8,12.19
581,Cayenne,20,GF,1650817098,4,4.9333,-52.3333,86.04,13.8
582,Iquitos,75,PE,1650817099,78,-3.7481,-73.2472,82.44,3.44
583,Kalabo,96,ZM,1650817099,57,-14.97,22.6814,74.32,3.94
584,Provideniya,6,RU,1650817099,79,64.3833,-173.3,22.57,3.83
585,Meridian,0,US,1650817100,56,43.6121,-116.3915,52.16,4.61
586,Nemuro,100,JP,1650817100,93,43.3236,145.575,40.96,14.97
587,Poronaysk,52,RU,1650817100,91,49.2167,143.1167,32.86,7.81
